{"cameraMode":{"drawMode":0,"name":"Shaded","section":"Shading Mode"},"sceneLighting":true,"audioPlay":false,"sceneViewState":{"m_AlwaysRefresh":false,"showFog":true,"showSkybox":true,"showFlares":true,"showImageEffects":true,"showParticleSystems":true,"showVisualEffectGraphs":true,"m_FxEnabled":true},"in2DMode":false,"pivot":{"x":-3.000762462615967,"y":-13.570297241210938,"z":1.7283092737197877},"rotation":{"x":-0.49812522530555727,"y":0.46691805124282839,"z":-0.36871403455734255,"w":-0.6308054327964783},"size":17.554826736450197,"orthographic":false}