{"cameraMode":{"drawMode":0,"name":"Shaded","section":"Shading Mode"},"sceneLighting":true,"audioPlay":false,"sceneViewState":{"m_AlwaysRefresh":false,"showFog":true,"showSkybox":true,"showFlares":true,"showImageEffects":true,"showParticleSystems":true,"showVisualEffectGraphs":true,"m_FxEnabled":true},"in2DMode":false,"pivot":{"x":-0.36249732971191409,"y":-0.41847729682922366,"z":-1.0540680885314942},"rotation":{"x":0.23074066638946534,"y":-0.21393679082393647,"z":0.052084121853113177,"w":0.9477753639221191},"size":5.366025924682617,"orthographic":false}