{"cameraMode":{"drawMode":0,"name":"Shaded","section":"Shading Mode"},"sceneLighting":true,"audioPlay":false,"sceneViewState":{"m_AlwaysRefresh":false,"showFog":true,"showSkybox":true,"showFlares":true,"showImageEffects":true,"showParticleSystems":true,"showVisualEffectGraphs":true,"m_FxEnabled":true},"in2DMode":false,"pivot":{"x":0.3012547492980957,"y":-14.038032531738282,"z":-2.3576459884643556},"rotation":{"x":-0.6500533223152161,"y":0.2221105694770813,"z":-0.20729900896549226,"w":-0.6965137124061585},"size":13.756318092346192,"orthographic":false}